{"actions":[],"apps":[{"acl":{"app":[],"field":[],"record":[]},"app":null,"category":{"categories":[],"useCategory":"false"},"form":{"layout":"[{\"id\":null,\"type\":\"ROW\",\"isSubTable\":false,\"var\":null,\"controlList\":[{\"isVirtical\":true,\"type\":\"SINGLE_LINE_TEXT\",\"styleMap\":{\"width\":193},\"label\":\"\\u5546\\u54c1\\u30b3\\u30fc\\u30c9\",\"var\":\"\\u5546\\u54c1\\u30b3\\u30fc\\u30c9\"}]},{\"id\":null,\"type\":\"ROW\",\"isSubTable\":false,\"var\":null,\"controlList\":[{\"isVirtical\":true,\"type\":\"SINGLE_LINE_TEXT\",\"styleMap\":{\"width\":193},\"label\":\"\\u5546\\u54c1\\u540d\",\"var\":\"\\u5546\\u54c1\\u540d\"}]},{\"id\":null,\"type\":\"ROW\",\"isSubTable\":false,\"var\":null,\"controlList\":[{\"isVirtical\":true,\"type\":\"SINGLE_SELECT\",\"styleMap\":{\"width\":142},\"label\":\"\\u5358\\u4f4d\",\"var\":\"\\u5358\\u4f4d\"},{\"isVirtical\":true,\"type\":\"DECIMAL\",\"styleMap\":{\"width\":193},\"label\":\"\\u5358\\u4fa1\",\"var\":\"\\u5358\\u4fa1\"}]},{\"id\":null,\"type\":\"ROW\",\"isSubTable\":false,\"var\":null,\"controlList\":[{\"isVirtical\":true,\"type\":\"DECIMAL\",\"styleMap\":{\"width\":193},\"label\":\"\\u5728\\u5eab\\u91cf\",\"var\":\"\\u5728\\u5eab\\u91cf\"}]}]","revision":null},"iconMeta":null,"info":{"code":null,"decimalPrecision":"16","decimalScale":"4","description":"\u003Cdiv\u003E\u003Cbr /\u003E\u003C/div\u003E","enableBulkDeletion":"false","fiscalYearStartMonth":"4","iconKey":"APP48","iconType":"PRESET","jsFiles":null,"jsScope":"ALL","name":"09_商品マスタ","roundingMode":"HALF_EVEN","theme":"PLAIN","titleComponentLocalId":null,"useComment":"true","useHistory":"true","useThumbnail":"true"},"jsFiles":[],"notification":{"appNotifications":[{"events":["RECORD_COMMENT_ADDED"],"target":{"entityId":"5124865","entityType":"FIELD_ENTITY","includeSubs":"false"}},{"events":["RECORD_COMMENT_ADDED"],"target":{"entityId":"5124866","entityType":"FIELD_ENTITY","includeSubs":"false"}}],"recordNotifications":[],"reminderTimezone":null,"reminders":[],"useComment":"true","useReminder":"false"},"plugin":{"pluginIds":[]},"reports":[],"resource":{"tables":[{"rows":[{"fields":[],"objectId":"0","subObjectId":"-1"}],"type":"AppName"},{"rows":[{"fields":[],"objectId":"0","subObjectId":"-1"}],"type":"AppDescription"},{"rows":[{"fields":[],"objectId":"5124864","subObjectId":"-1"},{"fields":[],"objectId":"5124865","subObjectId":"-1"},{"fields":[],"objectId":"5124866","subObjectId":"-1"},{"fields":[],"objectId":"5124867","subObjectId":"-1"},{"fields":[],"objectId":"5124868","subObjectId":"-1"},{"fields":[],"objectId":"5124869","subObjectId":"-1"},{"fields":[],"objectId":"5124870","subObjectId":"-1"},{"fields":[],"objectId":"5124871","subObjectId":"-1"},{"fields":[],"objectId":"5125069","subObjectId":"-1"},{"fields":[],"objectId":"5125075","subObjectId":"-1"},{"fields":[],"objectId":"5125079","subObjectId":"-1"},{"fields":[],"objectId":"5125079","subObjectId":"5125042"},{"fields":[],"objectId":"5125079","subObjectId":"5125043"},{"fields":[],"objectId":"5125079","subObjectId":"5125045"},{"fields":[],"objectId":"5125079","subObjectId":"5125047"},{"fields":[],"objectId":"5125079","subObjectId":"5125052"},{"fields":[],"objectId":"5125079","subObjectId":"5125053"},{"fields":[],"objectId":"5125079","subObjectId":"5125054"},{"fields":[],"objectId":"5125079","subObjectId":"5125055"},{"fields":[],"objectId":"5125079","subObjectId":"5125048"},{"fields":[],"objectId":"5125079","subObjectId":"5125049"},{"fields":[],"objectId":"5125079","subObjectId":"5125050"},{"fields":[],"objectId":"5125079","subObjectId":"5125051"},{"fields":[],"objectId":"5125079","subObjectId":"5125044"},{"fields":[],"objectId":"5125079","subObjectId":"5125046"},{"fields":[],"objectId":"5125079","subObjectId":"5125067"},{"fields":[],"objectId":"5125079","subObjectId":"5125066"},{"fields":[],"objectId":"5125079","subObjectId":"5125065"},{"fields":[],"objectId":"5125079","subObjectId":"5125064"},{"fields":[],"objectId":"5125079","subObjectId":"5125059"},{"fields":[],"objectId":"5125079","subObjectId":"5125058"},{"fields":[],"objectId":"5125079","subObjectId":"5125057"},{"fields":[],"objectId":"5125079","subObjectId":"5125056"},{"fields":[],"objectId":"5125079","subObjectId":"5125063"},{"fields":[],"objectId":"5125079","subObjectId":"5125062"},{"fields":[],"objectId":"5125079","subObjectId":"5125061"},{"fields":[],"objectId":"5125079","subObjectId":"5125060"},{"fields":[],"objectId":"5125080","subObjectId":"-1"},{"fields":[],"objectId":"5125082","subObjectId":"-1"}],"type":"FieldLabel"},{"rows":[{"fields":[],"objectId":"5125085","subObjectId":"-1"},{"fields":[],"objectId":"20","subObjectId":"-1"}],"type":"ViewName"}]},"schema":{"groups":[],"revision":null,"subTable":{},"table":{"fieldList":{"5124864":{"id":"5124864","label":"レコード番号","properties":{"noLabel":"false","required":"true"},"type":"RECORD_ID","var":"レコード番号"},"5124865":{"id":"5124865","label":"更新者","properties":{"noLabel":"false","required":"true"},"type":"MODIFIER","var":"更新者"},"5124866":{"id":"5124866","label":"作成者","properties":{"noLabel":"false","required":"true"},"type":"CREATOR","var":"作成者"},"5124867":{"id":"5124867","label":"更新日時","properties":{"noLabel":"false","required":"true"},"type":"MODIFIED_AT","var":"更新日時"},"5124868":{"id":"5124868","label":"作成日時","properties":{"noLabel":"false","required":"true"},"type":"CREATED_AT","var":"作成日時"},"5124869":{"id":"5124869","label":"ステータス","properties":{"noLabel":"false","required":"false"},"type":"STATUS","var":"ステータス"},"5124870":{"id":"5124870","label":"作業者","properties":{"noLabel":"false","required":"false"},"type":"STATUS_ASSIGNEE","var":"作業者"},"5124871":{"id":"5124871","label":"カテゴリー","properties":{"noLabel":"false","required":"false"},"type":"CATEGORY","var":"カテゴリー"},"5125069":{"id":"5125069","label":"商品コード","properties":{"defaultValue":"","expression":"","hideExpression":"false","max":null,"min":null,"noLabel":"false","required":"false","unique":"false"},"type":"SINGLE_LINE_TEXT","var":"商品コード"},"5125075":{"id":"5125075","label":"商品名","properties":{"defaultValue":"","expression":"","hideExpression":"false","max":null,"min":null,"noLabel":"false","required":"false","unique":"false"},"type":"SINGLE_LINE_TEXT","var":"商品名"},"5125079":{"id":"5125079","label":"単位","properties":{"defaultValue":null,"noLabel":"false","options":[{"id":"5125042","label":"m","valid":true},{"id":"5125043","label":"kg","valid":true},{"id":"5125045","label":"枚","valid":true},{"id":"5125047","label":"個","valid":true},{"id":"5125052","label":"盒","valid":false},{"id":"5125053","label":"支","valid":false},{"id":"5125054","label":"桶","valid":false},{"id":"5125055","label":"ｋｇ","valid":false},{"id":"5125048","label":"箱","valid":false},{"id":"5125049","label":"件","valid":false},{"id":"5125050","label":"条","valid":false},{"id":"5125051","label":"巻","valid":false},{"id":"5125044","label":"根","valid":false},{"id":"5125046","label":"ｍ","valid":false},{"id":"5125067","label":"卷","valid":false},{"id":"5125066","label":"盤","valid":false},{"id":"5125065","label":"张","valid":false},{"id":"5125064","label":"セット","valid":false},{"id":"5125059","label":"S","valid":false},{"id":"5125058","label":"Kg","valid":false},{"id":"5125057","label":"米","valid":false},{"id":"5125056","label":"M","valid":false},{"id":"5125063","label":"Pcs","valid":false},{"id":"5125062","label":"WD","valid":false},{"id":"5125061","label":"Q","valid":false},{"id":"5125060","label":"D","valid":false}],"required":"false"},"type":"SINGLE_SELECT","var":"単位"},"5125080":{"id":"5125080","label":"単価","properties":{"defaultValue":null,"digit":"true","displayScale":null,"max":null,"min":null,"noLabel":"false","required":"true","roundingMode":null,"scale":null,"unique":"false","unit":"","unitPosition":"BEFORE"},"type":"DECIMAL","var":"単価"},"5125082":{"id":"5125082","label":"在庫量","properties":{"defaultValue":null,"digit":"true","displayScale":null,"max":null,"min":null,"noLabel":"false","required":"true","roundingMode":null,"scale":null,"unique":"false","unit":"","unitPosition":"BEFORE"},"type":"DECIMAL","var":"在庫量"}},"id":"1","label":"__ROOT__","var":"__ROOT__"}},"status":{"actions":[],"filters":[],"initialStateId":null,"states":[],"useStatus":"false"},"uuid":"6b70ffe8-cbf3-4f00-aea7-941830f55f00","views":[{"advancedMode":"false","builtinType":null,"fields":[{"row":[{"id":"5125069"},{"id":"5125075"},{"id":"5125079"},{"id":"5125080"},{"id":"5125082"}]}],"filter":{"category":null,"offset":null,"order":["ASC"],"q":null,"size":null,"sort":["f5124864"]},"html":null,"keyFieldId":null,"name":"一覧","pager":null,"revision":null,"titleFieldId":null,"view":"5125085","viewType":"LIST"},{"advancedMode":null,"builtinType":"ALL","fields":[{"row":[{"id":"5124864"},{"id":"5125069"},{"id":"5125075"},{"id":"5125079"},{"id":"5125080"},{"id":"5125082"}]}],"filter":{"category":null,"offset":null,"order":[],"q":null,"size":null,"sort":[]},"html":null,"keyFieldId":null,"name":"（すべて）","pager":null,"revision":null,"titleFieldId":null,"view":"20","viewType":"LIST"}]},{"acl":{"app":[],"field":[],"record":[]},"app":null,"category":{"categories":[],"useCategory":"false"},"form":{"layout":"[{\"id\":null,\"type\":\"ROW\",\"isSubTable\":false,\"var\":null,\"controlList\":[{\"isVirtical\":true,\"styleMap\":{\"width\":117},\"type\":\"DATE\",\"var\":\"\\u65e5\\u4ed8\",\"label\":\"\\u51fa\\u5eab\\u65e5\\u4ed8\"}]},{\"id\":null,\"type\":\"ROW\",\"isSubTable\":false,\"var\":null,\"controlList\":[{\"isVirtical\":true,\"styleMap\":{\"width\":246},\"type\":\"SINGLE_LINE_TEXT\",\"var\":\"\\u5546\\u54c1\\u30b3\\u30fc\\u30c9\",\"label\":\"\\u5546\\u54c1\\u30b3\\u30fc\\u30c9\"},{\"isVirtical\":true,\"styleMap\":{\"width\":193},\"type\":\"SINGLE_LINE_TEXT\",\"var\":\"\\u5546\\u54c1\\u540d\",\"label\":\"\\u5546\\u54c1\\u540d\"}]},{\"id\":null,\"type\":\"ROW\",\"isSubTable\":false,\"var\":null,\"controlList\":[{\"isVirtical\":true,\"styleMap\":{\"width\":193},\"type\":\"DECIMAL\",\"var\":\"\\u5728\\u5eab\\u91cf\",\"label\":\"\\u5728\\u5eab\\u91cf\"},{\"isVirtical\":true,\"styleMap\":{\"width\":193},\"type\":\"SINGLE_LINE_TEXT\",\"var\":\"\\u5358\\u4f4d\",\"label\":\"\\u5358\\u4f4d\"}]},{\"id\":null,\"type\":\"ROW\",\"isSubTable\":false,\"var\":null,\"controlList\":[{\"styleMap\":{\"width\":579},\"type\":\"HR\"}]},{\"id\":null,\"type\":\"ROW\",\"isSubTable\":false,\"var\":null,\"controlList\":[{\"isVirtical\":true,\"styleMap\":{\"width\":193},\"type\":\"DECIMAL\",\"var\":\"\\u51fa\\u5eab\\u91cf\",\"label\":\"\\u51fa\\u5eab\\u91cf\"},{\"isVirtical\":true,\"styleMap\":{\"width\":193},\"type\":\"DECIMAL\",\"var\":\"\\u5358\\u4fa1\",\"label\":\"\\u5358\\u4fa1\"},{\"isVirtical\":true,\"styleMap\":{\"width\":193},\"type\":\"CALC\",\"var\":\"\\u51fa\\u5eab\\u91d1\\u984d\",\"label\":\"\\u51fa\\u5eab\\u91d1\\u984d\"}]}]","revision":null},"iconMeta":null,"info":{"code":null,"decimalPrecision":"16","decimalScale":"4","description":"\u003Cdiv\u003E\u003Cbr /\u003E\u003C/div\u003E","enableBulkDeletion":"false","fiscalYearStartMonth":"4","iconKey":"APP88","iconType":"PRESET","jsFiles":null,"jsScope":"ALL","name":"09_出庫入力","roundingMode":"HALF_EVEN","theme":"TASK","titleComponentLocalId":null,"useComment":"true","useHistory":"true","useThumbnail":"true"},"jsFiles":[],"notification":{"appNotifications":[{"events":["RECORD_COMMENT_ADDED"],"target":{"entityId":"5123951","entityType":"FIELD_ENTITY","includeSubs":"false"}},{"events":["RECORD_COMMENT_ADDED"],"target":{"entityId":"5123952","entityType":"FIELD_ENTITY","includeSubs":"false"}}],"recordNotifications":[],"reminderTimezone":null,"reminders":[],"useComment":"true","useReminder":"false"},"plugin":{"pluginIds":[]},"reports":[{"advancedMode":"false","filter":{"category":null,"offset":null,"order":[],"q":"f5123958 = THIS_MONTH()","size":null,"sort":[]},"isAborted":null,"name":"商品別_月間出荷金額","processType":null,"report":"5124292","reportType":"SUBTOTAL","revision":null,"settings":"{\"chartType\":\"table\",\"groups\":[{\"id\":\"5123958\",\"op\":\"YEAR_MONTH\"}],\"order\":[\"DESC\"],\"sort\":[\"s0\"],\"stackType\":null,\"summaries\":[{\"id\":\"5123963\",\"op\":\"SUM\"},{\"id\":\"5123964\",\"op\":\"SUM\"}]}","tallyPeriod":null,"tallyStartDateTime":null},{"advancedMode":"false","filter":{"category":null,"offset":null,"order":[],"q":"f5123958 = THIS_MONTH()","size":null,"sort":[]},"isAborted":null,"name":"品種別_月間出荷量","processType":null,"report":"5124342","reportType":"SUBTOTAL","revision":null,"settings":"{\"chartType\":\"table\",\"groups\":[],\"order\":[\"DESC\"],\"sort\":[\"s0\"],\"stackType\":null,\"summaries\":[{\"id\":\"5123963\",\"op\":\"SUM\"},{\"id\":\"5123964\",\"op\":\"SUM\"}]}","tallyPeriod":null,"tallyStartDateTime":null}],"resource":{"tables":[{"rows":[{"fields":[],"objectId":"0","subObjectId":"-1"}],"type":"AppName"},{"rows":[{"fields":[],"objectId":"0","subObjectId":"-1"}],"type":"AppDescription"},{"rows":[{"fields":[],"objectId":"5123950","subObjectId":"-1"},{"fields":[],"objectId":"5123951","subObjectId":"-1"},{"fields":[],"objectId":"5123952","subObjectId":"-1"},{"fields":[],"objectId":"5123953","subObjectId":"-1"},{"fields":[],"objectId":"5123954","subObjectId":"-1"},{"fields":[],"objectId":"5123955","subObjectId":"-1"},{"fields":[],"objectId":"5123956","subObjectId":"-1"},{"fields":[],"objectId":"5123957","subObjectId":"-1"},{"fields":[],"objectId":"5123958","subObjectId":"-1"},{"fields":[],"objectId":"5123962","subObjectId":"-1"},{"fields":[],"objectId":"5123963","subObjectId":"-1"},{"fields":[],"objectId":"5123964","subObjectId":"-1"},{"fields":[],"objectId":"5124333","subObjectId":"-1"},{"fields":[],"objectId":"5125090","subObjectId":"-1"},{"fields":[],"objectId":"5125127","subObjectId":"-1"},{"fields":[],"objectId":"5125131","subObjectId":"-1"}],"type":"FieldLabel"},{"rows":[{"fields":[],"objectId":"5123971","subObjectId":"-1"},{"fields":[],"objectId":"20","subObjectId":"-1"}],"type":"ViewName"},{"rows":[{"fields":[],"objectId":"5124292","subObjectId":"-1"},{"fields":[],"objectId":"5124342","subObjectId":"-1"}],"type":"ReportName"}]},"schema":{"groups":[],"revision":null,"subTable":{},"table":{"fieldList":{"5123950":{"id":"5123950","label":"レコード番号","properties":{"noLabel":"false","required":"true"},"type":"RECORD_ID","var":"レコード番号"},"5123951":{"id":"5123951","label":"更新者","properties":{"noLabel":"false","required":"true"},"type":"MODIFIER","var":"更新者"},"5123952":{"id":"5123952","label":"作成者","properties":{"noLabel":"false","required":"true"},"type":"CREATOR","var":"作成者"},"5123953":{"id":"5123953","label":"更新日時","properties":{"noLabel":"false","required":"true"},"type":"MODIFIED_AT","var":"更新日時"},"5123954":{"id":"5123954","label":"作成日時","properties":{"noLabel":"false","required":"true"},"type":"CREATED_AT","var":"作成日時"},"5123955":{"id":"5123955","label":"ステータス","properties":{"noLabel":"false","required":"false"},"type":"STATUS","var":"ステータス"},"5123956":{"id":"5123956","label":"作業者","properties":{"noLabel":"false","required":"false"},"type":"STATUS_ASSIGNEE","var":"作業者"},"5123957":{"id":"5123957","label":"カテゴリー","properties":{"noLabel":"false","required":"false"},"type":"CATEGORY","var":"カテゴリー"},"5123958":{"id":"5123958","label":"出庫日付","properties":{"defaultExpression":"NOW","defaultValue":null,"noLabel":"false","required":"true","unique":"false"},"type":"DATE","var":"日付"},"5123962":{"id":"5123962","label":"単価","properties":{"defaultValue":null,"digit":"true","displayScale":null,"max":null,"min":null,"noLabel":"false","required":"false","roundingMode":null,"scale":null,"unique":"false","unit":"","unitPosition":"BEFORE"},"type":"DECIMAL","var":"単価"},"5123963":{"id":"5123963","label":"出庫量","properties":{"defaultValue":null,"digit":"true","displayScale":null,"max":null,"min":null,"noLabel":"false","required":"true","roundingMode":null,"scale":null,"unique":"false","unit":"","unitPosition":"BEFORE"},"type":"DECIMAL","var":"出庫量"},"5123964":{"id":"5123964","label":"出庫金額","properties":{"displayScale":null,"expression":"単価 * 出庫量","format":"NUMBER_DIGIT","hideExpression":"false","noLabel":"false","required":"false","roundingMode":null,"scale":null,"unit":"","unitPosition":"BEFORE"},"type":"CALC","var":"出庫金額"},"5124333":{"id":"5124333","label":"商品名","properties":{"defaultValue":"","expression":"","hideExpression":"false","max":null,"min":null,"noLabel":"false","required":"false","unique":"false"},"type":"SINGLE_LINE_TEXT","var":"商品名"},"5125090":{"id":"5125090","label":"在庫量","properties":{"defaultValue":null,"digit":"true","displayScale":"2","max":null,"min":null,"noLabel":"false","required":"false","roundingMode":null,"scale":null,"unique":"false","unit":"","unitPosition":"BEFORE"},"type":"DECIMAL","var":"在庫量"},"5125127":{"id":"5125127","label":"商品コード","properties":{"defaultValue":"","expression":"","hideExpression":"false","max":null,"min":null,"noLabel":"false","required":"true","unique":"false"},"type":"SINGLE_LINE_TEXT","var":"商品コード"},"5125131":{"id":"5125131","label":"単位","properties":{"defaultValue":"","expression":"","hideExpression":"false","max":null,"min":null,"noLabel":"false","required":"false","unique":"false"},"type":"SINGLE_LINE_TEXT","var":"単位"}},"id":"1","label":"__ROOT__","var":"__ROOT__"}},"status":{"actions":[],"filters":[],"initialStateId":null,"states":[],"useStatus":"false"},"uuid":"491af715-ecfc-4f27-8d0d-684a52a9a23f","views":[{"advancedMode":"false","builtinType":null,"fields":[{"row":[{"id":"5123958"},{"id":"5124333"},{"id":"5123962"},{"id":"5123963"},{"id":"5123964"}]}],"filter":{"category":null,"offset":null,"order":["DESC"],"q":null,"size":null,"sort":["f5123950"]},"html":null,"keyFieldId":null,"name":"一覧","pager":null,"revision":null,"titleFieldId":null,"view":"5123971","viewType":"LIST"},{"advancedMode":null,"builtinType":"ALL","fields":[{"row":[{"id":"5123950"},{"id":"5123958"},{"id":"5123962"},{"id":"5123963"},{"id":"5123964"},{"id":"5124333"},{"id":"5125090"},{"id":"5125127"},{"id":"5125131"}]}],"filter":{"category":null,"offset":null,"order":[],"q":null,"size":null,"sort":[]},"html":null,"keyFieldId":null,"name":"（すべて）","pager":null,"revision":null,"titleFieldId":null,"view":"20","viewType":"LIST"}]}],"description":"","iconKey":"APP48","iconMeta":null,"iconSrcAppId":"6b70ffe8-cbf3-4f00-aea7-941830f55f00","iconType":"PRESET","idConversionMap":{"44":"6b70ffe8-cbf3-4f00-aea7-941830f55f00","45":"491af715-ecfc-4f27-8d0d-684a52a9a23f"},"imagesMeta":[],"lookups":[{"actingAppId":"491af715-ecfc-4f27-8d0d-684a52a9a23f","fieldMappings":[{"fieldId":"5123962","targetFieldId":"5125080"},{"fieldId":"5124333","targetFieldId":"5125075"},{"fieldId":"5125090","targetFieldId":"5125082"},{"fieldId":"5125131","targetFieldId":"5125079"}],"keyMapping":{"fieldId":"5125127","targetFieldId":"5125069"},"listFields":["5125069","5125075","5125080"],"query":{"category":null,"offset":null,"order":["desc"],"q":"order by f5124864 desc","size":null,"sort":["f5124864"]},"targetAppId":"6b70ffe8-cbf3-4f00-aea7-941830f55f00"}],"name":"09_kcfvol06","references":[],"version":"15"}